SELECT * FROM CUSTOMERS;
SELECT * FROM EMPLOYEES;


--ALTER TABLE CUSTOMERS MODIFY(city VARCHAR2(70));
--ALTER TABLE CUSTOMERS MODIFY(PHOTO VARCHAR2(30) DEFAULT 'DEFAULT_PHOTO');
DROP TABLE ORDER_DETAILS;
DROP TABLE PRODUCTS;
DROP TABLE CATEGORIES;
DROP TABLE SUPPLIERS;
DROP TABLE ORDERS;
DROP TABLE SHIPPERS;
DROP TABLE EMPLOYEES;
DROP TABLE CUSTOMERS;
DROP TABLE IMAGES;
DROP SEQUENCE ORDER_ID;
DROP SEQUENCE CATEGORY_ID;
DROP SEQUENCE PRODUCT_ID;
DROP SEQUENCE ORDER_DETAIL_ID;
DROP SEQUENCE IMG_SEQ;



CREATE SEQUENCE IMG_SEQ
START WITH 1
INCREMENT BY 1;

CREATE TABLE IMAGES(
IMG_SEQ          NUMBER PRIMARY KEY,
IMG_NAME         VARCHAR2 (20),
IMG_EXTENTION    VARCHAR2 (15),
OWNER           VARCHAR2 (15) NOT NULL
);

CREATE TABLE CUSTOMERS(
CUSTOMER_ID   VARCHAR2 (15) PRIMARY KEY,
CUSTOMER_NAME VARCHAR2 (15) NOT NULL,
PASSWORD      VARCHAR2 (11) NOT NULL,
ADDRESS       VARCHAR2 (50) NOT NULL,
CITY          VARCHAR2 (70) NOT NULL,
POSTAL_CODE   VARCHAR2 (15) NOT NULL,
SSN           VARCHAR2 (15) NOT NULL,
PHOTO         VARCHAR2 (30) DEFAULT 'defualt_photo',
PHONE         VARCHAR2 (13) NOT NULL
);

SELECT *
FROM IMAGES I
    JOIN CUSTOMERS C
        ON I.OWNER LIKE C.CUSTOMER_ID;

CREATE TABLE EMPLOYEES(
EMPLOYEE_ID VARCHAR2 (15) PRIMARY KEY,
BIRTH_DATE  VARCHAR2 (15),
PHOTO       VARCHAR2 (15)  DEFAULT 'defualt_photo',
NOTES       VARCHAR2 (15),
NAME        VARCHAR2 (15) NOT NULL,
MANAGER     VARCHAR2 (15)
);

CREATE TABLE SHIPPERS(
SHIPPER_ID VARCHAR2(15) PRIMARY KEY,
SHIPPER_NAME VARCHAR2(15) NOT NULL,
PHONE VARCHAR2(15) NOT NULL
);

CREATE SEQUENCE ORDER_ID
START WITH 1000
INCREMENT BY 1;

CREATE TABLE ORDERS(
ORDER_ID NUMBER PRIMARY KEY,
CUSTOMER_ID VARCHAR2(15) NOT NULL,
EMPLOYEE_ID VARCHAR2(15) NOT NULL,
ORDER_DATE DATE DEFAULT SYSDATE,
SHIPPER_ID VARCHAR2(15) NOT NULL,
CONSTRAINT ORDERS_FK_CUSTOMERS FOREIGN KEY(CUSTOMER_ID) REFERENCES CUSTOMERS(CUSTOMER_ID),
CONSTRAINT ORDERS_FK_EMPLOYEES FOREIGN KEY(EMPLOYEE_ID) REFERENCES EMPLOYEES(EMPLOYEE_ID),
CONSTRAINT ORDERS_FK_SHIPPERS FOREIGN KEY(SHIPPER_ID) REFERENCES SHIPPERS(SHIPPER_ID)
);

------------------------------------SUPPLIERS--------------------------------------------
SELECT * FROM SUPPLIERS;

CREATE TABLE SUPPLIERS(
SUPPLIER_ID VARCHAR2(15) PRIMARY KEY,
SUPPLIER_NAME VARCHAR2(15) NOT NULL,
CONTACT_NAME VARCHAR2(15) UNIQUE,
ADDRESS VARCHAR2(30) NOT NULL,
CITY VARCHAR2(70) NOT NULL,
POSTAL_CODE VARCHAR2(15) NOT NULL,
COUNTRY VARCHAR2(15) NOT NULL,
PHONE VARCHAR2(15) NOT NULL
);

INSERT INTO SUPPLIERS
VALUES('KEI29','김승아','부엉이','암천빌딩','서울특별시 강남구 테헤란로 421','06160','한국','010-2456-8822');
INSERT INTO SUPPLIERS
VALUES('LION','이종협','라이언','현대타운 207호','경기도 화성시 영통로27번길 53','18376','한국','010-2341-4256');
INSERT INTO SUPPLIERS
VALUES('SKITTLES','김은영','레이디스','코스트코 1층','서울 영등포구 선유로 156 ','07255','한국','010-1187-2419');
INSERT INTO SUPPLIERS
VALUES('KIHO','남기호','더하기','거구장 3층 비트캠프','서울 마포구 백범로 23','04108','한국','010-2152-1231');

-----------------------------------CATEGORIES---------------------------------------------
SELECT * FROM CATEGORIES;

CREATE SEQUENCE CATEGORY_ID
START WITH 1000
INCREMENT BY 1;

CREATE TABLE CATEGORIES(
CATEGORY_ID NUMBER PRIMARY KEY,
CATEGORY_NAME VARCHAR2(15) NOT NULL,
DESCRIPTION VARCHAR2(15) NOT NULL
);

INSERT INTO CATEGORIES
VALUES(CATEGORY_ID.NEXTVAL,'smart_phone','DESCRIPTION');

----------------------------------------PRODUCTS----------------------------------------
SELECT * FROM PRODUCTS;

CREATE SEQUENCE PRODUCT_ID
START WITH 1000
INCREMENT BY 1;

CREATE TABLE PRODUCTS(
PRODUCT_ID NUMBER PRIMARY KEY,
PRODUCT_NAME VARCHAR2(15) NOT NULL,
SUPPLIER_ID VARCHAR2(15) NOT NULL,
CATEGORY_ID NUMBER NOT NULL,
UNIT VARCHAR2(15),
PRICE NUMBER,
CONSTRAINT PRODUCTS_FK_SUPPLIERS FOREIGN KEY(SUPPLIER_ID) 
REFERENCES SUPPLIERS(SUPPLIER_ID),
CONSTRAINT PRODUCTS_FK_CATEGORIES FOREIGN KEY(CATEGORY_ID) 
REFERENCES CATEGORIES(CATEGORY_ID)
);

DELETE FROM PRODUCTS;

INSERT INTO PRODUCTS
VALUES (PRODUCT_ID.NEXTVAL,'GALAXY 10','KEI29',1001,'SMARTPHONE',1039000);
INSERT INTO PRODUCTS
VALUES (PRODUCT_ID.NEXTVAL, 'A9 Pro', 'KEI29', 1001 , 'SMARTPHONE', 941500);
INSERT INTO PRODUCTS
VALUES (PRODUCT_ID.NEXTVAL, 'Galaxy J4+', 'KEI29', 1001 , 'SMARTPHONE', 840500);
INSERT INTO PRODUCTS
VALUES (PRODUCT_ID.NEXTVAL, 'Galaxy J4', 'KEI29', 1001 , 'SMARTPHONE', 850000);
INSERT INTO PRODUCTS
VALUES (PRODUCT_ID.NEXTVAL, 'Galaxy A8', 'SKITTLES', 1001 , 'SMARTPHONE', 860000);
INSERT INTO PRODUCTS
VALUES (PRODUCT_ID.NEXTVAL, 'Galaxy S10', 'KEI29', 1001 , 'SMARTPHONE', 861000);
INSERT INTO PRODUCTS
VALUES (PRODUCT_ID.NEXTVAL, 'Galaxy S10+', 'LION', 1001 , 'SMARTPHONE', 864000);
INSERT INTO PRODUCTS
VALUES (PRODUCT_ID.NEXTVAL, 'Galaxy S9', 'SKITTLES', 1001 , 'SMARTPHONE', 884000);
INSERT INTO PRODUCTS
VALUES (PRODUCT_ID.NEXTVAL, 'Galaxy S9+', 'SKITTLES', 1001 , 'SMARTPHONE', 889000);
INSERT INTO PRODUCTS
VALUES (PRODUCT_ID.NEXTVAL, 'Galaxy S8', 'LION', 1001 , 'SMARTPHONE', 989000);
INSERT INTO PRODUCTS
VALUES (PRODUCT_ID.NEXTVAL, 'Galaxy S8+', 'KIHO', 1001 , 'SMARTPHONE', 984000);
INSERT INTO PRODUCTS
VALUES (PRODUCT_ID.NEXTVAL, 'Galaxy S7', 'LION', 1001 , 'SMARTPHONE', 964000);
INSERT INTO PRODUCTS
VALUES (PRODUCT_ID.NEXTVAL, 'Galaxy S7+', 'KIHO', 1001 , 'SMARTPHONE', 965000);
INSERT INTO PRODUCTS
VALUES (PRODUCT_ID.NEXTVAL, 'Galaxy S7 Edge ', 'LION', 1001 , 'SMARTPHONE', 980000);
INSERT INTO PRODUCTS
VALUES (PRODUCT_ID.NEXTVAL, 'Galaxy NOTE 7', 'LION', 1001 , 'SMARTPHONE', 985000);
INSERT INTO PRODUCTS
VALUES (PRODUCT_ID.NEXTVAL, 'Galaxy NOTE 8', 'LION', 1001 , 'SMARTPHONE', 1003000);
INSERT INTO PRODUCTS
VALUES (PRODUCT_ID.NEXTVAL, 'Galaxy NOTE 9', 'KIHO', 1001 , 'SMARTPHONE', 1053000);
INSERT INTO PRODUCTS
VALUES (PRODUCT_ID.NEXTVAL, 'Galaxy NOTE 10', 'KIHO', 1001 , 'SMARTPHONE', 1094500);

------------------------------------ORDER_DETAILS--------------------------------------------
CREATE SEQUENCE ORDER_DETAIL_ID
START WITH 1000
INCREMENT BY 1;

CREATE TABLE ORDER_DETAILS(
ORDER_DETAIL_ID NUMBER PRIMARY KEY,
ORDER_ID NUMBER NOT NULL,
PRODUCT_ID NUMBER NOT NULL,
QUANTITY NUMBER,
CONSTRAINT ORDER_DETAILS_FK_PRODUCTS FOREIGN KEY(PRODUCT_ID)
REFERENCES PRODUCTS(PRODUCT_ID),
CONSTRAINT ORDER_DETAILS_FK_ORDERS FOREIGN KEY(ORDER_ID)
REFERENCES ORDERS(ORDER_ID)
);

INSERT INTO CUSTOMERS(CUSTOMER_ID,CUSTOMER_NAME,PASSWORD,ADDRESS,CITY,POSTAL_CODE,SSN,PHONE)
VALUES('hye13','박혜선','256874','평창강로 59','강원도 영월군 주천면','26202','911013-2456785','010-4568-3663');
INSERT INTO CUSTOMERS(CUSTOMER_ID,CUSTOMER_NAME,PASSWORD,ADDRESS,CITY,POSTAL_CODE,SSN,PHONE)
VALUES('easy91 ','이지은','451485','북한강로1115번길 66','경기도 남양주시 화도읍','12194','911228-2455552','010-4567-5844');
INSERT INTO CUSTOMERS(CUSTOMER_ID,CUSTOMER_NAME,PASSWORD,ADDRESS,CITY,POSTAL_CODE,SSN,PHONE)
VALUES('young91','김은영','y1246','세종대로 110','서울특별시 중구','04524','910415-2465847','010-7888-4568');
INSERT INTO CUSTOMERS(CUSTOMER_ID,CUSTOMER_NAME,PASSWORD,ADDRESS,CITY,POSTAL_CODE,SSN,PHONE)
VALUES('seung12 ','김승아','sa1546','고덕로 183','서울특별시 강동구','05235','910611-2452811','010-9444-4528');
INSERT INTO CUSTOMERS(CUSTOMER_ID,CUSTOMER_NAME,PASSWORD,ADDRESS,CITY,POSTAL_CODE,SSN,PHONE)
VALUES('hyep94 ','이종협','jong123','문래로 121','서울특별시 영등포구','07293','940107-1452841','010-7778-4456');
INSERT INTO CUSTOMERS(CUSTOMER_ID,CUSTOMER_NAME,PASSWORD,ADDRESS,CITY,POSTAL_CODE,SSN,PHONE)
VALUES('anat12','박은지','ej154','방울내로5길 42','서울특별시 마포구','03955','940613-2545541','010-2423-5858');
INSERT INTO CUSTOMERS(CUSTOMER_ID,CUSTOMER_NAME,PASSWORD,ADDRESS,CITY,POSTAL_CODE,SSN,PHONE)
VALUES('jiwoo92','정지우','jww12345','하갈로86번길 27','경기도 용인시 기흥구','17096','920901-2456745','010-3351-1444');
INSERT INTO CUSTOMERS(CUSTOMER_ID,CUSTOMER_NAME,PASSWORD,ADDRESS,CITY,POSTAL_CODE,SSN,PHONE)
VALUES('parkjw91','박정우','45444','백옥대로342번길 67','경기도 용인시 처인구 이동읍','17130','910212-1456484','010-7888-4585');
INSERT INTO CUSTOMERS(CUSTOMER_ID,CUSTOMER_NAME,PASSWORD,ADDRESS,CITY,POSTAL_CODE,SSN,PHONE)
VALUES('hhh11','허현일','78797','덕송3로 45','경기도 남양주시','12091','911111-1545555','010-1238-5555');
INSERT INTO CUSTOMERS(CUSTOMER_ID,CUSTOMER_NAME,PASSWORD,ADDRESS,CITY,POSTAL_CODE,SSN,PHONE)
VALUES('nam96','남기호','ng1234','원고잔로 34','경기도 안산시 단원구','15353','960606-1556845','010-1158-4577');
INSERT INTO CUSTOMERS(CUSTOMER_ID,CUSTOMER_NAME,PASSWORD,ADDRESS,CITY,POSTAL_CODE,SSN,PHONE)
VALUES('jun1124','전서우','d4d5d7s','관양로 273-5','경기도 안양시 동안구','13951','881102-1458775','010-2654-4457');
INSERT INTO CUSTOMERS(CUSTOMER_ID,CUSTOMER_NAME,PASSWORD,ADDRESS,CITY,POSTAL_CODE,SSN,PHONE)
VALUES('bea12','배정욱','qwe4er7','거월로 61','인천광역시 서구','22688','891206-1458455','010-6685-5597');
INSERT INTO CUSTOMERS(CUSTOMER_ID,CUSTOMER_NAME,PASSWORD,ADDRESS,CITY,POSTAL_CODE,SSN,PHONE)
VALUES('rlacksgk95','김창하','ckdgk12','이촌로29길 1-11','서울특별시 용산구','04373','940102-1222354','010-4658-8487');
INSERT INTO CUSTOMERS(CUSTOMER_ID,CUSTOMER_NAME,PASSWORD,ADDRESS,CITY,POSTAL_CODE,SSN,PHONE)
VALUES('wns154','이창준','ckdwns454','청파로 56-20','서울특별시 용산구','04373','930612-1465522','010-3568-4555');
INSERT INTO CUSTOMERS(CUSTOMER_ID,CUSTOMER_NAME,PASSWORD,ADDRESS,CITY,POSTAL_CODE,SSN,PHONE)
VALUES('kimxogur11','김태혁','xogur12','아차산로58길 48','서울특별시 광진구','05050','961105-1224578','010-1585-4485');
INSERT INTO CUSTOMERS(CUSTOMER_ID,CUSTOMER_NAME,PASSWORD,ADDRESS,CITY,POSTAL_CODE,SSN,PHONE)
VALUES('rearea88','김이레','difodifo154','소망공원로 145','경기도 시흥시','15089','940108-1355644','010-1124-4551');
INSERT INTO CUSTOMERS(CUSTOMER_ID,CUSTOMER_NAME,PASSWORD,ADDRESS,CITY,POSTAL_CODE,SSN,PHONE)
VALUES('seudong94','서동준','ehdwns445','중앙로 1244','경기도 고양시 일산동구','10410','780901-1122149','010-4445-6855');
INSERT INTO CUSTOMERS(CUSTOMER_ID,CUSTOMER_NAME,PASSWORD,ADDRESS,CITY,POSTAL_CODE,SSN,PHONE)
VALUES('myoung12','정명선','tjsl454','지제로 21','경기도 평택시','17823','950102-2245551','010-1235-4555');
INSERT INTO CUSTOMERS(CUSTOMER_ID,CUSTOMER_NAME,PASSWORD,ADDRESS,CITY,POSTAL_CODE,SSN,PHONE)
VALUES('lim0603','임경하','haha458','아라육로 75','경기도 김포시 고촌읍','10136','940420-2568851','010-5568-1555');
INSERT INTO CUSTOMERS(CUSTOMER_ID,CUSTOMER_NAME,PASSWORD,ADDRESS,CITY,POSTAL_CODE,SSN,PHONE)
VALUES('danbeee11','박단비','1546db47','수도권제2순환고속도로 14-1','경기도 오산시','18102','761106-2444512','010-3365-5556');
INSERT INTO CUSTOMERS(CUSTOMER_ID,CUSTOMER_NAME,PASSWORD,ADDRESS,CITY,POSTAL_CODE,SSN,PHONE)
VALUES('inhae66','김인해','dlsgo11',' 드림로 174','인천광역시 서구','22672','650402-2462213','010-5598-7784');
INSERT INTO CUSTOMERS(CUSTOMER_ID,CUSTOMER_NAME,PASSWORD,ADDRESS,CITY,POSTAL_CODE,SSN,PHONE)
VALUES('bbock95','복주혜','qasw1246','도영로 115','서울특별시 영등포구','07366','840618-2124622','010-3365-9965');
INSERT INTO CUSTOMERS(CUSTOMER_ID,CUSTOMER_NAME,PASSWORD,ADDRESS,CITY,POSTAL_CODE,SSN,PHONE)
VALUES('gunwoo91','이건우','rjsn1245','길천2길 3-2','부산광역시 기장군 장안읍','46036','851130-1125945','010-7784-5565');
INSERT INTO CUSTOMERS(CUSTOMER_ID,CUSTOMER_NAME,PASSWORD,ADDRESS,CITY,POSTAL_CODE,SSN,PHONE)
VALUES('ohjea24','오재원','wodnjs45','이화로 10','부산광역시 기장군 일광면','46044','850210-1524445','010-4856-1598');
INSERT INTO CUSTOMERS(CUSTOMER_ID,CUSTOMER_NAME,PASSWORD,ADDRESS,CITY,POSTAL_CODE,SSN,PHONE)
VALUES('ryu17','류지혁','wlgur145','일로로 65','전라남도 무안군 일로읍','58574','890613-1211223','010-5684-6699');
INSERT INTO CUSTOMERS(CUSTOMER_ID,CUSTOMER_NAME,PASSWORD,ADDRESS,CITY,POSTAL_CODE,SSN,PHONE)
VALUES('ham1','함덕주','ejrwn1','삼향로 127-7','전라남도 무안군 삼향읍','58565','970601-1355221','010-2254-8554');
INSERT INTO CUSTOMERS(CUSTOMER_ID,CUSTOMER_NAME,PASSWORD,ADDRESS,CITY,POSTAL_CODE,SSN,PHONE)
VALUES('parkchi66','박치국','rnr6625','성환중앙로 37','충청남도 천안시 서북구 성환읍','31016','990825-1124352','010-2546-4584');
INSERT INTO CUSTOMERS(CUSTOMER_ID,CUSTOMER_NAME,PASSWORD,ADDRESS,CITY,POSTAL_CODE,SSN,PHONE)
VALUES('kimkorea00','김대한','eogks19','학암포길 43-12','충청남도 태안군 원북면','32105','000615-3123445','010-4584-8887');


commit;